<?xml version="1.0" encoding="utf-8"?>
<resources xmlns:tools="http://schemas.android.com/tools">
    <color name="colorPrimary">#008577</color>
    <color name="colorPrimaryDark">#241746</color>
    <color name="colorAccent">#ffff</color>

    <color name="colorWhite">#ffffff</color>
    <color name="colorBlack">#000000</color>
    <color name="gray">#8D8D8D</color>
    <color name="colorButton">#FE595F</color>
    <color name="ButtonShadow">#7ffe595f</color>
    <color name="shadow">#66000000</color>
    <color name="screen_background">#322455</color>
    <color name="green">#23966E</color>
    <color name="blue">#32BEAF</color>
    <color name="lightgray">#E0E0E0</color>
    <color name="card_background">#372C52</color>


    <!--/TextInput Custom Color-->
    <color name="mtrl_textinput_default_box_stroke_color" tools:override="true">#fff</color>


</resources>
