<resources>

    <!-- Base application theme. -->
    <style name="AppTheme" parent="Theme.MaterialComponents.Light.NoActionBar">
        <!-- Customize your theme here. -->
        <item name="colorPrimary">@color/colorPrimary</item>
        <item name="colorPrimaryDark">@color/colorPrimaryDark</item>
        <item name="colorAccent">@color/colorAccent</item>
    </style>


    <style name="LoginTextInputLayoutStyle" parent="Widget.MaterialComponents.TextInputLayout.OutlinedBox.Dense">
        <item name="boxStrokeColor">#fff</item>
        <item name="boxStrokeWidth">2dp</item>
    </style>

    <style name="LoginTextInputLayoutStyle1" parent="Widget.MaterialComponents.TextInputLayout.OutlinedBox">
        <item name="boxStrokeColor">#000</item>
        <item name="boxStrokeWidth">2dp</item>
        <item name="colorControlActivated">#000</item>
        <item name="android:fontFamily">@font/montserrat_light</item>
    </style>

    <style name="MyErrorText" parent="TextAppearance.AppCompat.Small">
        <item name="android:textColor">@color/colorWhite</item>
    </style>

    <style name="SwitchCompatStyle">
        <item name="thumbTint">@color/pincode_swtich_states</item>
        <item name="trackTint">@color/pincode_swtich_states</item>
    </style>


    <!--   &lt;!&ndash;Input field style&ndash;&gt;
       <style name="MyEditText" parent="Theme.AppCompat.Light">
           <item name="colorControlNormal">@color/indigo</item>
           <item name="colorControlActivated">@color/pink</item>
       </style>-->
</resources>
